"species","model","term","estimate","std.error","statistic","p.value"
"DF","elmamoun_2013_M20","a",48.5520370301988,1.01543758104196,47.8139059816739,0
"DF","elmamoun_2013_M20","b",0.0109378966036463,0.000814450410594175,13.4297883104592,9.81808815918368e-40
"DF","elmamoun_2013_M20","c",1.32118819740799,0.0327887677578554,40.2939264800967,4.97953582118649e-273
"DF","elmamoun_2013_M7","a",1.98253056813264,0.0265564608004056,74.6534179773821,0
"DF","elmamoun_2013_M7","b",0.137596265836375,0.000668152531592843,205.935410449396,0
"DF","elmamoun_2013_M13","a",1.98253056813264,0.0265564608004056,74.6534179773821,0
"DF","elmamoun_2013_M13","b",0.137596265836375,0.000668152531592843,205.935410449396,0
"DF","elmamoun_2013_M4","a",3.60949736731312,0.41590517901411,8.67865453339465,7.15437166248013e-18
"DF","elmamoun_2013_M4","b",0.566918746192118,0.0276185473837405,20.5267401762727,1.48970251249097e-86
"DF","elmamoun_2013_M4","c",0.0186579756029693,0.000396775131082214,47.0240550411494,0
"DF","elmamoun_2013_M14","a",0.207036139556323,0.000750337617659041,275.923976998847,0
"DF","elmamoun_2013_M14","b",2.16919806940515,0.0290432990577862,74.6884183194611,0
"DF","zeide_1992","beta0",45.8805083542584,1.12560791127286,40.7606484414058,6.2195790164758e-278
"DF","zeide_1992","beta1",4.93057935630602,0.529432693829647,9.3129483950844,2.67133188963895e-20
"DF","zeide_1992","beta2",0.376191616896751,0.0640564657292324,5.87281256644595,4.86363718979983e-09
"DF","zeide_1992","beta3",0.506776075959317,0.0398912182335022,12.7039508543689,7.3479929951097e-36
"DF","ratkowsky_1986","beta0",52.8286836863722,1.23664980875514,42.7191944820271,9.52910996245128e-299
"DF","ratkowsky_1986","beta1",0.0162662377585778,0.000998369986019174,16.29279524261,9.37133588215337e-57
"DF","ratkowsky_1986","beta2",1.1854339668778,0.0296257883040633,40.0135839327259,4.48466830744604e-270
"DF","peschel_1938","a",52.8281642758378,1.23660820915021,42.7202115309753,9.29427405148498e-299
"DF","peschel_1938","b",0.0162657651999994,0.000998361638946608,16.2924581288618,9.41808241460685e-57
"DF","peschel_1938","c",1.18544853962218,0.0296260485765675,40.0137242926079,4.46943003060643e-270
"DF","huang_2000_I","a",52.8289514375844,1.23667128961543,42.7186689633693,9.65276720638387e-299
"DF","huang_2000_I","b",61.476100067789,3.77316734789478,16.2929693807748,9.34727933045632e-57
"DF","huang_2000_I","c",1.18542641513189,0.0296256542300835,40.0135101127369,4.49270346228907e-270
"DF","lundqvist_1989","a",67.7203442627848,2.97976230413389,22.7267605100027,6.03333673116918e-104
"DF","lundqvist_1989","b",8.07098769621076,0.381440405683619,21.1592363471455,1.97863602720555e-91
"DF","lundqvist_1989","c",0.603599002758349,0.0262825456040315,22.9657740103288,6.61574231512171e-106
"DF","elmamoun_2013_M9","a",41.7075853309834,0.54513265289323,76.5090572168539,0
"DF","elmamoun_2013_M9","b",-0.0321665226819685,0.00136374728706574,-23.5868646537722,4.63819869421369e-111
"DF","elmamoun_2013_M9","c",1.16761236289872,0.0339108382618723,34.4318342673212,2.21950535759178e-212
"DF","chapman_richards_1959","a",41.7075853309834,0.54513265289323,76.5090572168539,0
"DF","chapman_richards_1959","b",-0.0321665226819685,0.00136374728706574,-23.5868646537722,4.63819869421369e-111
"DF","chapman_richards_1959","c",1.16761236289872,0.0339108382618723,34.4318342673212,2.21950535759178e-212
"DF","curtis_1967_I","a",44.2636800725348,0.441366953206581,100.287707883325,0
"DF","curtis_1967_I","b",0.0278812822245614,0.000530639081826013,52.5428359490928,0
"DF","meyer_1940","beta0",44.2636804434165,0.441366962489785,100.287706614291,0
"DF","meyer_1940","beta1",0.027881281752033,0.000530639075933042,52.5428356421138,0
"DF","monomolecular_model","a",44.4808887651459,0.498252032416987,89.2738732030296,0
"DF","monomolecular_model","b",0.994865480846161,0.00502159026116831,198.117613963728,0
"DF","monomolecular_model","c",0.0274447362124011,0.000678503521594794,40.4489222810419,1.15312243853309e-274
"DF","huang_1992_III","a",43.9799570714727,0.608921323505889,72.2260091307959,0
"DF","huang_1992_III","b",0.0286252214076278,0.00129172406026211,22.1604770618109,2.34810425721493e-99
"DF","huang_1992_III","c",1.0169574652912,0.0274599303879058,37.0342331872445,5.61620317947993e-239
"DF","chapman_richards_model","a",43.9801396044063,0.608932237597222,72.2250143594745,0
"DF","chapman_richards_model","b",-0.0286247937869242,0.00129171670648152,-22.1602721736831,2.35702577229805e-99
"DF","chapman_richards_model","c",1.01694900423467,0.0274595924574422,37.0343808201366,5.59651153275949e-239
"DF","lebedev_M25_b","a",0.0286255859474783,0.0012917303311704,22.1606516907763,2.34052694551615e-99
"DF","lebedev_M25_b","b",0.983318318941817,0.0265516941605626,37.0341083697154,5.6329056806993e-239
"DF","lebedev_M25_b","c",43.9798012319052,0.608912058566999,72.2268521589248,0
"DF","huang_1992_II","a",44.0646863760705,0.693363238675239,63.5520949455899,0
"DF","huang_1992_II","b",0.0274821343077515,0.00126713461057936,21.6884094857026,1.37510980124163e-95
"DF","huang_1992_II","c",1.00653161183148,0.0185922760508952,54.1370840813769,0
"DF","weibull_model","a",44.0646863760705,0.693363238675239,63.5520949455899,0
"DF","weibull_model","b",0.0274821343077515,0.00126713461057936,21.6884094857026,1.37510980124163e-95
"DF","weibull_model","c",1.00653161183148,0.0185922760508952,54.1370840813769,0
"DF","elmamoun_2013_M19","a",41.5715924334152,0.600349060821917,69.2457024526715,0
"DF","elmamoun_2013_M19","b",-0.0205631654396265,0.00109260629782607,-18.8202882232515,6.31132163843983e-74
"DF","elmamoun_2013_M19","c",1.09351593379172,0.0202168827211604,54.0892455515496,0
"DF","yang_1978","a",41.5715924334152,0.600349060821917,69.2457024526715,0
"DF","yang_1978","b",-0.0205631654396265,0.00109260629782607,-18.8202882232515,6.31132163843983e-74
"DF","yang_1978","c",1.09351593379172,0.0202168827211604,54.0892455515496,0
"DF","strand_1958","a",0.0172862292193551,0.000325239045286205,53.149305010853,0
"DF","strand_1958","b",0.623073890727657,0.0207725137423668,29.9951126982219,1.00252576749608e-168
"DF","strand_1958","c",1.40966974139191,0.273952465970643,5.14567275894851,2.87625786137655e-07
"DF","huang_1992_IV","a",0.272476524222312,0.0408709040103466,6.6667603964261,3.21757068611306e-11
"DF","huang_1992_IV","b",2.31185824962846,0.106909253835176,21.62449148876,4.40840072215593e-95
"DF","huang_1992_IV","c",0.162171429188132,0.00393827147067437,41.1783266836003,2.23760314965639e-282
"DF","curtis_1967_II","a",1.38616550614249,0.0186954873332,74.1443901107033,0
"DF","curtis_1967_II","b",0.0222085790483274,0.000590154704430413,37.6317919379495,3.4833663726609e-245
"DF","huang_1992_V","a",62.4158111959297,0.864256941932683,72.2190452486887,0
"DF","huang_1992_V","b",45.0277065948527,1.19653385992504,37.6317863647198,3.48383038564413e-245
"DF","hyperbolic_model_I","a",62.4158993082544,0.864259323362695,72.2189482034213,0
"DF","hyperbolic_model_I","b",45.027831978954,1.19653753494525,37.6317755723511,3.48472910660432e-245
"DF","peschel_1938_II","a",0.137681640984304,0.000624536443846891,220.45413416748,0
"DF","peschel_1938_II","b",1.80177269109333,0.0241607520668623,74.5743628388352,0
"DF","hyperbolic_model_II","a",-1.80176925406323,0.0241607269456739,-74.5742981208534,0
"DF","hyperbolic_model_II","b",-0.13768172468418,0.00062453623042716,-220.454343521449,0
"DF","elmamoun_2013_M8","a",0.459966382632463,0.000739354651048371,622.118738254033,0
"DF","elmamoun_2013_M8","b",2.018027002388,0.0270904824043874,74.4921028819024,0
"DF","flewelling_jong_1994","a",80.6431499567196,4.38343112747212,18.3972663449204,6.38850513032279e-71
"DF","flewelling_jong_1994","b",6.4071405297926,0.221703300976214,28.8996171982121,2.34410987512966e-158
"DF","flewelling_jong_1994","c",0.5020449281283,0.0236188128515012,21.2561457379256,3.46847290994604e-92
"DF","elmamoun_2013_M15","a",0.616907286349062,0.000595908249106461,1035.23870876782,0
"DF","elmamoun_2013_M15","b",1.58919965182965,0.021373408722603,74.3540570647971,0
"DF","elmamoun_2013_M12","a",63.7453103372355,0.995828796628315,64.0123187369806,0
"DF","elmamoun_2013_M12","b",51.3402449211301,1.46601842188772,35.0201908479579,2.35625882071009e-218
"DF","hui_gadow_1993_II","a",47.2931284677384,0.347253125575388,136.192088665509,0
"DF","hui_gadow_1993_II","b",-20.11972459046,0.263268630555728,-76.4227950287493,0
"DF","elmamoun_2013_M10","a",3.85636638367252,0.00734257521012212,525.206248940606,0
"DF","elmamoun_2013_M10","b",-20.1197801483399,0.263269056647694,-76.4228823718703,0
"DF","wykoff_1982_II","a",3.85636638367252,0.00734257521012212,525.206248940606,0
"DF","wykoff_1982_II","b",-20.1197801483399,0.263269056647694,-76.4228823718703,0
"DF","wykoff_1982_III","a",3.85636638367252,0.00734257521012212,525.206248940606,0
"DF","wykoff_1982_III","b",-20.1197801483399,0.263269056647694,-76.4228823718703,0
"DF","huang_2000_II","a",1.11825903517614,0.00858419517686058,130.269525813031,0
"DF","huang_2000_II","b",0.0100593866762597,0.000142011674266588,70.8349276790859,0
"DF","elmamoun_2013_M16","a",46.7795417485629,0.342059113712096,136.758647477337,0
"DF","elmamoun_2013_M16","b",19.3720349870955,0.257489991904233,75.2341279124373,0
"DF","schumacher_1939","beta0",46.284851591689,0.336986805871535,137.349150724119,0
"DF","schumacher_1939","beta1",-18.6521714445537,0.251730577776233,-74.0957717942944,0
"DF","elmamoun_2013_M2","a",46.284851591689,0.336986805871535,137.349150724119,0
"DF","elmamoun_2013_M2","b",-18.6521714445537,0.251730577776233,-74.0957717942944,0
"DF","elmamoun_2013_M17","a",3.83481709019408,0.00728072347554463,526.708245832289,0
"DF","elmamoun_2013_M17","b",-18.6522640396304,0.251731308187342,-74.095924634647,0
"DF","gompertz_model","a",38.8594090009566,0.288512534329359,134.688806818339,0
"DF","gompertz_model","b",-2.46095000834281,0.0407352675563399,-60.4132525934471,0
"DF","gompertz_model","c",0.0583294322947806,0.0011350679221804,51.3884950450659,0
"DF","seber_1989","beta0",38.8595082870723,0.288514872876338,134.688059231276,0
"DF","seber_1989","beta1",0.0583290236726217,0.00113506010989048,51.3884887367328,0
"DF","seber_1989","beta2",15.4390485535263,0.212890975358476,72.5209160582279,0
"DF","huang_1992","beta0",38.8589299617935,0.288501160922317,134.692456132809,0
"DF","huang_1992","beta1",2.460985271746,0.0407371131394894,60.4113812218173,0
"DF","huang_1992","beta2",0.0583314257813699,0.00113510579601163,51.3885366336126,0
"DF","lebedev_M28_b","a",1.06271868696346,0.00129182296999714,822.650403070176,0
"DF","lebedev_M28_b","b",37.2884963557235,0.283587998090851,131.488273857688,0
"DF","lebedev_M28_b","c",-44.6415911399985,0.583920512964739,-76.4514863732734,0
"DF","lebedev_M18","a",0.0608311741093723,0.00121559783544817,50.0421869268505,0
"DF","lebedev_M18","b",37.2883466028755,0.283584230822092,131.489492539056,0
"DF","lebedev_M18","c",2.71558792201247,0.0506474492694484,53.6174666480305,0
"DF","elmamoun_2013_M18","a",1.64246297185461,0.0524114995536988,31.3378358917552,1.10113159627817e-181
"DF","elmamoun_2013_M18","b",2.1476048715714,0.0238311055975579,90.1177187428297,0
"DF","wykoff_1982_I","a",3.86564819128664,0.00706057669642684,547.497514366346,0
"DF","wykoff_1982_I","b",18.6388919541859,0.246698597172235,75.5532952673136,0
"DF","exponential_model","a",3.86564917876107,0.00706058024986482,547.497378680043,0
"DF","exponential_model","b",-18.6389310626747,0.246698895276858,-75.5533624978624,0
"DF","huang_2000_III","a",47.2505177708908,0.333041427868992,141.875796273242,0
"DF","huang_2000_III","b",17.9448649967495,0.241834997796526,74.2029282785938,0
"DF","curtis_1967_III","a",47.2502991114198,0.333039067085114,141.876145417331,0
"DF","curtis_1967_III","b",-17.9446845319523,0.241833571851463,-74.2026195724976,0
"DF","burkhart_strub_1974","a",46.7820450485939,0.328994765727677,142.196928103462,0
"DF","burkhart_strub_1974","b",17.2747291223907,0.236855570137715,72.9335987848909,0
"DF","staudhammer_lemay_2000","a",3.84550187470426,0.00703250949719117,546.817871520854,0
"DF","staudhammer_lemay_2000","b",-17.2748211936805,0.236856299216845,-72.9337630065103,0
"DF","huang_1992_VII","a",36.9227536148858,0.237082072573985,155.738277525659,0
"DF","huang_1992_VII","b",6.74552585398737,0.211035150264053,31.9639919963437,8.53675907883636e-188
"DF","huang_1992_VII","c",0.0899140321196117,0.00168181476834215,53.4625059858669,0
"DF","logistic_model","a",36.9227536148858,0.237082072573985,155.738277525659,0
"DF","logistic_model","b",6.74552585398737,0.211035150264053,31.9639919963437,8.53675907883636e-188
"DF","logistic_model","c",0.0899140321196117,0.00168181476834215,53.4625059858669,0
"DF","pearl_1920","beta0",36.9222326732136,0.237071087367559,155.743296591746,0
"DF","pearl_1920","beta1",6.74575975971087,0.211050822138235,31.9627267563664,8.78442392832985e-188
"DF","pearl_1920","beta2",0.089917994318016,0.00168190060253894,53.4621333640519,0
"DF","lebedev_M13","a",1.0993205857982,0.00201927710209896,544.412940975509,0
"DF","lebedev_M13","b",35.3936534608267,0.234048107835698,151.223839355596,0
"DF","lebedev_M13","c",8.02058290523757,0.284569371673226,28.184983008107,1.07628868120582e-151
"DF","lebedev_M15","a",0.0946923991709023,0.00183684215485858,51.5517345463975,0
"DF","lebedev_M15","b",35.3936459054645,0.23404797707405,151.223891562482,0
"DF","lebedev_M15","c",8.02058685708155,0.284569642543749,28.184970067032,1.07658580902184e-151
"DF","lebedev_M23","a",1.09932079500681,0.0020192823618226,544.411626521894,0
"DF","lebedev_M23","b",35.3936300878497,0.23404762271821,151.224052937564,0
"DF","lebedev_M23","c",0.124679003107262,0.00442360513629767,28.1849304505538,1.07749591518451e-151
"DF","power_model","a",3.5476822714891,0.0816635141602795,43.4426843856624,1.70422326276845e-306
"DF","power_model","b",0.561177014716973,0.00602199587625175,93.1878776154633,0
"DF","stoffels_1953","a",3.54763906653539,0.0816627243714553,43.4425754692975,1.70879484456993e-306
"DF","stoffels_1953","b",0.561180239971796,0.00602200768358032,93.1882304803292,0
"DF","ogana_2018","a",0.104720968843997,0.00681176506168025,15.373543845942,5.36318537886602e-51
"DF","ogana_2018","b",0.561180881884022,0.00602200984252584,93.1883036658478,0
"DF","larsen_hann_1987","a",-66.7791024229791,149.632677806933,-0.446286890014375,0.655429320356899
"DF","larsen_hann_1987","b",68.0740498901378,149.57795051124,0.455107518571211,0.649072066901318
"DF","larsen_hann_1987","c",0.00800468711660674,0.017112615764026,0.467765257339216,0.639993920235424
"DF","elmamoun_2013_M1","a",3.0193202828344,0.075976557520453,39.7401564557804,3.20910348494612e-267
"DF","elmamoun_2013_M1","b",0.591111707619582,0.00655051805069486,90.2389250811817,0
"DF","hui_gadow_1993_III","a",3.0193202828344,0.075976557520453,39.7401564557804,3.20910348494612e-267
"DF","hui_gadow_1993_III","b",0.591111707619582,0.00655051805069486,90.2389250811817,0
"DF","elmamoun_2013_M21","a",-80.0968514949645,214.278900049818,-0.373797193640356,0.708587432480449
"DF","elmamoun_2013_M21","b",81.2294592976565,214.215639538194,0.379194812632593,0.704575943586009
"DF","elmamoun_2013_M21","c",-0.00708304195362014,0.0182249163283359,-0.388646061579306,0.697571634868827
"DF","elmamoun_2013_M3","a",-60.739254422947,126.291929593937,-0.480943276567554,0.630599602453354
"DF","elmamoun_2013_M3","b",61.8801235301583,126.22900198755,0.490221126332452,0.624021168436674
"DF","elmamoun_2013_M3","c",0.00922321208546301,0.0182228386889573,0.5061347599511,0.612807421637728
"DF","lebedev_M16","a",1.07100117140602,0.00134565554807842,795.895482269139,0
"DF","lebedev_M16","b",33.8583371741592,0.199161799361672,170.004173906229,0
"DF","lebedev_M16","c",0.153845201520063,0.00461673958083196,33.3233440670568,2.98329952745449e-201
"DF","linear_model_II","a",-4.24394911156882,0.311538757135661,-13.6225397783197,8.54856118279126e-41
"DF","linear_model_II","b",8.86543522785116,0.0963304397585125,92.0315037497558,0
"DF","linear_model_I","a",8.31548757629766,0.197634329525582,42.0751171937531,6.41261226569799e-292
"DF","linear_model_I","b",0.447416979650292,0.00503090051914556,88.9337759607064,0
"DF","lebedev_M24","a",1.22750943173919,0.00374931302860483,327.395824881542,0
"DF","lebedev_M24","b",8577.31436862163,1442.95877601037,5.9442546185117,3.1715311587002e-09
"DF","lebedev_M24","c",-27.7290723713343,0.659632054555735,-42.0371814556677,1.7264832873687e-291
"DF","lebedev_M19","a",0.987671380844768,0.000750436792988998,1316.12867342346,0
"DF","lebedev_M19","b",4.4356514014524,0.0669738374222552,66.2296140131049,0
"DF","lebedev_M19","c",-2.08892827544736,0.0573468086965139,-36.426234047342,1.03913302140477e-232
"DF","ratkowsky_1990","a",-3.02269335035518,1.41502897349379,-2.13613530675062,0.0327668684915952
"DF","ratkowsky_1990","b",-3867.7868394392,1671.88403694608,-2.3134300908239,0.020781112784521
"DF","ratkowsky_1990","c",-673.305568209183,127.051099446966,-5.29948635737889,1.2645469936879e-07
"DF","huang_1992_I","a",20.2144998180067,0.612574132367363,32.9992710268151,5.04203057407593e-198
"DF","huang_1992_I","b",13.0705389571283,3.7522991078422,3.48334143453842,0.000503847984377915
"DF","huang_1992_I","c",-163.597424497292,2.25860682884806,-72.4328919968466,0
"DF","lebedev_M3","a",7441514535487934,1.04629485025872e+23,7.11225381033638e-08,0.999999943258192
"DF","lebedev_M3","b",21.0930764696759,3.34336057187671,6.30894455330489,3.32083023655457e-10
"DF","lebedev_M9","a",1.2970367447047e-05,0.000490648102940527,0.0264351729260006,0.978912384164833
"DF","lebedev_M9","b",1625050.59780047,61447973.6228349,0.0264459591096521,0.978903781918668
"DF","lebedev_M5","a",1.57870591996333e-05,0.000492695284576754,0.0320422372485158,0.974440967095015
"DF","lebedev_M5","b",1330549.98248633,41504274.6172694,0.0320581432817695,0.97442828372494
"DF","elmamoun_2013_M6","a",129485938.234908,8366523196.20939,0.0154766723522112,0.987653150056352
"DF","elmamoun_2013_M6","b",-142743.213659433,4608376.85774106,-0.030974726691385,0.975292207865096
"DF","huang_1992_VI","a",1.58514616648329,10.7433697503224,0.147546459195051,0.882712808170877
"DF","huang_1992_VI","b",0.262765396745244,5.52499323112378,0.0475594060939324,0.962071246762149
"DF","huang_1992_VI","c",-0.282787974133335,2.86452097097517,-0.0987208601363687,0.921367952220481
"DF","lebedev_M8","a",5917811989553.74,7.942596588895e+19,7.45072713100874e-08,0.99999994055784
"DF","lebedev_M8","b",25.3999154287925,4.3451830225212,5.84553407696385,5.71827608639781e-09
"DF","elmamoun_2013_M22","a",1.45308935966786,221.254940308857,0.00656748887794076,0.99476047242128
"DF","elmamoun_2013_M22","b",73038.443136035,68621196.9142689,0.00106437145401711,0.999150840946428
"DF","elmamoun_2013_M22","c",-39.586268612854,8602.29071830863,-0.00460182873482768,0.996328658140052
"DF","elmamoun_2013_M5","a",9.46551812377253e-17,9.26757008726648e-12,1.02135921656293e-05,0.999991851560973
"DF","elmamoun_2013_M5","b",0.60892095031138,22783.7097605421,2.67261546390455e-05,0.99997867778173
"DF","elmamoun_2013_M5","c",0.0413331445732266,21.8569914872613,0.00189107199850978,0.998491297142311
"DF","logistic_model_13","b",-41.373140866293,28645.4546371001,-0.00144431782949287,0.998847718611493
"DF","logistic_model_13","c",22.3202962210226,2710.54339850008,0.00823462049468524,0.993430465396138
"PM","elmamoun_2013_M5","a",0.537945631837618,0.207990526476902,2.58639487552506,0.0103040495865073
"PM","elmamoun_2013_M5","b",1.24141435175431,0.160143711769034,7.75187697375672,2.75802090502515e-13
"PM","elmamoun_2013_M5","c",-0.00738653718909531,0.00159969997590076,-4.61745158490492,6.41052365547658e-06
"PM","huang_2000_II","a",1.23867315241437,0.0661021706134724,18.738766683736,1.53525506507931e-48
"PM","huang_2000_II","b",0.0235282445517967,0.00193313934297578,12.1710029012076,9.46872094183535e-27
"PM","huang_1992_VII","a",19.3594982144955,0.599680211312088,32.2830366073566,3.68488175873852e-88
"PM","huang_1992_VII","b",6.21858720135777,1.26989553930773,4.89692814004825,1.81566483397181e-06
"PM","huang_1992_VII","c",0.162362156548621,0.0183985206864652,8.82473973399729,2.60107883549227e-16
"PM","logistic_model","a",19.3594982144955,0.599680211312088,32.2830366073566,3.68488175873852e-88
"PM","logistic_model","b",6.21858720135777,1.26989553930773,4.89692814004825,1.81566483397181e-06
"PM","logistic_model","c",0.162362156548621,0.0183985206864652,8.82473973399729,2.60107883549227e-16
"PM","pearl_1920","beta0",19.359573492255,0.59969578137198,32.2823239609328,3.70047381951915e-88
"PM","pearl_1920","beta1",6.21836908357838,1.26982168669452,4.8970411741553,1.81471838200614e-06
"PM","pearl_1920","beta2",0.162358647153102,0.0183981673173165,8.82471848162226,2.60144942453411e-16
"PM","seber_1989","beta0",20.0298160923097,0.778920153552801,25.7148515171291,4.00473160668781e-70
"PM","seber_1989","beta1",0.110632658439481,0.0136018676812409,8.13363730865142,2.44127557487522e-14
"PM","seber_1989","beta2",7.72510630976588,0.705650244752907,10.9475003618413,8.6132917660661e-23
"PM","huang_1992","beta0",20.0298312940282,0.778923410552042,25.7147635090755,4.00710476905775e-70
"PM","huang_1992","beta1",2.35054400148345,0.273815362437234,8.58441243238227,1.28881945066014e-15
"PM","huang_1992","beta2",0.110632329821452,0.0136018392534254,8.1336301481133,2.44138803782159e-14
"PM","gompertz_model","a",20.0299290255966,0.7789436194755,25.7142218317209,4.02174233680873e-70
"PM","gompertz_model","b",-2.35051484623868,0.273807345903203,-8.58455728601831,1.28758525003005e-15
"PM","gompertz_model","c",0.110630327366063,0.0136016602295696,8.13358998084338,2.44201899742867e-14
"PM","lebedev_M18","a",0.119147396996028,0.0153057624990449,7.78447966923982,2.24782640932921e-13
"PM","lebedev_M18","b",18.550286285144,0.743257335884666,24.958093771203,6.76832635155154e-68
"PM","lebedev_M18","c",2.87746398007389,0.420337944603094,6.84559654206558,6.62970155898221e-11
"PM","lebedev_M28_b","a",1.12652924779562,0.01724163861114,65.3377137291206,2.92882035785083e-152
"PM","lebedev_M28_b","b",18.5505153102032,0.743305671196726,24.9567789256024,6.82934944401115e-68
"PM","lebedev_M28_b","c",-24.1504810974736,2.01991683111756,-11.9561759798357,4.98302354188375e-26
"PM","elmamoun_2013_M19","a",18.6473369569363,1.09192882265064,17.0774290137979,5.26227823975966e-43
"PM","elmamoun_2013_M19","b",-0.0256640150698099,0.0110069512547129,-2.33161885393298,0.0205706367305347
"PM","elmamoun_2013_M19","c",1.34276734837355,0.1812105080091,7.40998611573959,2.28726045061752e-12
"PM","yang_1978","a",18.6473369569363,1.09192882265064,17.0774290137979,5.26227823975966e-43
"PM","yang_1978","b",-0.0256640150698099,0.0110069512547129,-2.33161885393298,0.0205706367305347
"PM","yang_1978","c",1.34276734837355,0.1812105080091,7.40998611573959,2.28726045061752e-12
"PM","lebedev_M15","a",0.17775778362371,0.0213365886789681,8.33112482497866,6.79723619527489e-15
"PM","lebedev_M15","b",17.9134693904602,0.572144396042509,31.309350426862,1.2475466475246e-85
"PM","lebedev_M15","c",8.74555416770749,2.22958137686249,3.9225095161202,0.000115196075948293
"PM","lebedev_M13","a",1.19452742603505,0.025486105145133,46.8697519386625,6.37967426679998e-121
"PM","lebedev_M13","b",17.9135814086302,0.572168741794401,31.3082139937438,1.25613891364087e-85
"PM","lebedev_M13","c",8.74481887901441,2.22928421833691,3.92270254599399,0.000115109514561533
"PM","lebedev_M23","a",1.19452533604956,0.025485805713994,46.8702206025863,6.36619212877507e-121
"PM","lebedev_M23","b",17.9136092415363,0.572174780406722,31.3079322174994,1.25827851799622e-85
"PM","lebedev_M23","c",0.114355743248189,0.0291519353361492,3.9227496195213,0.000115088414501432
"PM","zeide_1992","beta0",19.6999828367646,1.04079325471853,18.9278540646309,5.12681996848996e-49
"PM","zeide_1992","beta1",2.14705722116038,0.437793245557238,4.90427214889425,1.75958731973438e-06
"PM","zeide_1992","beta2",0.0756205295564844,0.0622665576141829,1.2144645930974,0.225799762881174
"PM","zeide_1992","beta3",1.12518536296388,0.277606593349924,4.05316512618122,6.88926550729505e-05
"PM","elmamoun_2013_M9","a",19.3593292105871,1.24439123068066,15.5572690752552,5.98654830089744e-38
"PM","elmamoun_2013_M9","b",-0.0827533859988664,0.0210573352896334,-3.92990779035589,0.000111922237439665
"PM","elmamoun_2013_M9","c",1.48076245510141,0.366153366125415,4.04410444391278,7.13389381923692e-05
"PM","chapman_richards_1959","a",19.3593292105871,1.24439123068066,15.5572690752552,5.98654830089744e-38
"PM","chapman_richards_1959","b",-0.0827533859988664,0.0210573352896334,-3.92990779035589,0.000111922237439665
"PM","chapman_richards_1959","c",1.48076245510141,0.366153366125415,4.04410444391278,7.13389381923692e-05
"PM","curtis_1967_I","a",21.6593911747796,1.14062689661706,18.9890237018068,2.3360330084128e-49
"PM","curtis_1967_I","b",0.0615659447638104,0.00745624076526402,8.25696845126358,1.08378691566083e-14
"PM","meyer_1940","beta0",21.659070012884,1.14056607343831,18.9897547518587,2.32323782250841e-49
"PM","meyer_1940","beta1",0.0615681485231514,0.00745641554042185,8.25707046360083,1.0830695357172e-14
"PM","huang_1992_II","a",20.6652291493554,1.47886786035159,13.9736819653667,1.1356875300103e-32
"PM","huang_1992_II","b",0.0487096662322878,0.0155848084506949,3.12545812714919,0.00199977995135192
"PM","huang_1992_II","c",1.11529260758436,0.14963436025136,7.4534525740669,1.75324944716075e-12
"PM","weibull_model","a",20.6652291493554,1.47886786035159,13.9736819653667,1.1356875300103e-32
"PM","weibull_model","b",0.0487096662322878,0.0155848084506949,3.12545812714919,0.00199977995135192
"PM","weibull_model","c",1.11529260758436,0.14963436025136,7.4534525740669,1.75324944716075e-12
"PM","lebedev_M16","a",1.1272021060023,0.0140477910703284,80.2405232508878,3.02501669137568e-172
"PM","lebedev_M16","b",17.3621932098034,0.438913871440191,39.5571758824426,1.29705157765899e-105
"PM","lebedev_M16","c",0.156431809913766,0.0286941731583368,5.45169254575006,1.26412952787901e-07
"PM","elmamoun_2013_M7","a",1.45606347544391,0.145845579233537,9.98359691871338,8.55880570630695e-20
"PM","elmamoun_2013_M7","b",0.194616679644304,0.00613670548028446,31.7135440619652,7.14053587716097e-87
"PM","elmamoun_2013_M13","a",1.45606347544391,0.145845579233537,9.98359691871338,8.55880570630695e-20
"PM","elmamoun_2013_M13","b",0.194616679644304,0.00613670548028446,31.7135440619652,7.14053587716097e-87
"PM","monomolecular_model","a",21.9387644737248,1.38293873974638,15.8638729563308,5.68912700060084e-39
"PM","monomolecular_model","b",0.977885563335525,0.0392364462219189,24.9228882199133,8.60766714707787e-68
"PM","monomolecular_model","c",0.0585881825508321,0.00959468481274977,6.10631653819185,4.2070430497622e-09
"PM","elmamoun_2013_M14","a",0.272622399318711,0.00638537860514656,42.6947901098582,1.03877952936233e-112
"PM","elmamoun_2013_M14","b",1.50143174817951,0.149547388319934,10.0398393114524,5.7454433108836e-20
"PM","elmamoun_2013_M20","a",22.154896211763,2.54926358506,8.69070438286653,6.36710987314627e-16
"PM","elmamoun_2013_M20","b",0.0176772959115909,0.00988939809802856,1.78749967757035,0.0751508693820234
"PM","elmamoun_2013_M20","c",1.53427410906162,0.286928970647864,5.34722619886498,2.12127687368107e-07
"PM","lebedev_M25_b","a",0.0679580352870926,0.0191915332231801,3.54104252624335,0.00048082200360147
"PM","lebedev_M25_b","b",0.919981686081229,0.194617388766863,4.72712994409404,3.93345751396063e-06
"PM","lebedev_M25_b","c",21.2499222006575,1.52864231504709,13.9011736045021,1.97825827047695e-32
"PM","huang_1992_III","a",21.2507683834132,1.5289915471816,13.8985519067027,2.01834672230114e-32
"PM","huang_1992_III","b",0.0679478126261498,0.0191907282369714,3.54065837351845,0.000481486613757711
"PM","huang_1992_III","c",1.08688338866205,0.229917202843839,4.72728171367092,3.93077642977918e-06
"PM","chapman_richards_model","a",21.2509183026102,1.52905272949788,13.8980938280583,2.02543405931012e-32
"PM","chapman_richards_model","b",-0.0679460398659201,0.0191905847535005,-3.54059246962374,0.0004816007185665
"PM","chapman_richards_model","c",1.08686769077266,0.229912626658551,4.72730752794535,3.9303205833776e-06
"PM","elmamoun_2013_M10","a",3.19692548989091,0.0466985946492738,68.4587087449027,3.19530512063028e-157
"PM","elmamoun_2013_M10","b",-11.5095930320284,1.07865411496453,-10.6703278394362,6.23657718570138e-22
"PM","wykoff_1982_II","a",3.19692548989091,0.0466985946492738,68.4587087449027,3.19530512063028e-157
"PM","wykoff_1982_II","b",-11.5095930320284,1.07865411496453,-10.6703278394362,6.23657718570138e-22
"PM","wykoff_1982_III","a",3.19692548989091,0.0466985946492738,68.4587087449027,3.19530512063028e-157
"PM","wykoff_1982_III","b",-11.5095930320284,1.07865411496453,-10.6703278394362,6.23657718570138e-22
"PM","hui_gadow_1993_II","a",24.4571208115242,1.14210923511868,21.4139944407181,3.78455991968287e-57
"PM","hui_gadow_1993_II","b",-11.5094914835435,1.07864832666504,-10.6702909549106,6.23824501590301e-22
"PM","elmamoun_2013_M8","a",0.526826754845397,0.00539261871015269,97.694048691694,2.89330250991909e-192
"PM","elmamoun_2013_M8","b",1.24107305405806,0.12242272090623,10.1376039093974,2.86794002060541e-20
"PM","elmamoun_2013_M4","a",3.99641629250255,2.45526337084481,1.62769352565524,0.104935571904161
"PM","elmamoun_2013_M4","b",0.370576966910804,0.266275050689883,1.39170743166019,0.165332488903121
"PM","elmamoun_2013_M4","c",0.0422756001243395,0.0066211007916297,6.38498060289064,9.12893466686941e-10
"PM","elmamoun_2013_M15","a",0.671264372301929,0.00410031501219967,163.710439394221,3.67161687843834e-244
"PM","elmamoun_2013_M15","b",0.934948643004943,0.0919411265485302,10.1689926815443,2.29327210049553e-20
"PM","huang_1992_V","a",30.1075635056169,2.42747276990463,12.4028429397376,1.65265062889021e-27
"PM","huang_1992_V","b",19.6666882541628,3.51796605000127,5.59035760284147,6.26409350534228e-08
"PM","curtis_1967_II","a",1.53089461160051,0.154896132628449,9.88336239015525,1.73762929437151e-19
"PM","curtis_1967_II","b",0.0508475940789222,0.0090955848909576,5.5903600140627,6.26401674415557e-08
"PM","hyperbolic_model_I","a",30.1078690061972,2.42753024871587,12.4026751148101,1.65474424334702e-27
"PM","hyperbolic_model_I","b",19.6671401165428,3.51805580302756,5.59034342195983,6.26454497202739e-08
"PM","elmamoun_2013_M16","a",24.0383024074316,1.10737376213015,21.7074877782832,4.50065422933751e-58
"PM","elmamoun_2013_M16","b",10.8208658700085,1.03731543930689,10.4316059126998,3.49694049896101e-21
"PM","elmamoun_2013_M12","a",30.7196790448454,3.08692219414231,9.95155598775329,1.0736277870041e-19
"PM","elmamoun_2013_M12","b",24.5825621067507,4.94526637552788,4.97092780045172,1.28475123300641e-06
"PM","huang_2000_I","a",25.9522202958121,3.83168729727147,6.77305277867861,1.00977971868251e-10
"PM","huang_2000_I","b",25.752039226303,9.18139258029358,2.80480754973659,0.00545783646983181
"PM","huang_2000_I","c",1.20643968939545,0.226132568779024,5.33509921153544,2.2515968463102e-07
"PM","peschel_1938","a",25.9520999342601,3.83158867758061,6.77319569454599,1.00894584817138e-10
"PM","peschel_1938","b",0.03883000771151,0.0138444768763245,2.80472913916402,0.00545912033455965
"PM","peschel_1938","c",1.20645936328728,0.226134862460131,5.33513209843965,2.25123312172935e-07
"PM","ratkowsky_1986","beta0",25.9521626929979,3.8316170297285,6.77316195528987,1.00914264533332e-10
"PM","ratkowsky_1986","beta1",0.0388297982309663,0.0138443867322016,2.80473227034676,0.00545906906051205
"PM","ratkowsky_1986","beta2",1.20645886872991,0.226134797084074,5.33513145383532,2.25124025041446e-07
"PM","hyperbolic_model_II","a",1.22016127031375,0.120444780927274,10.1304619504476,3.01752670315931e-20
"PM","hyperbolic_model_II","b",0.193913907739834,0.00522222548916637,37.1324271887748,2.67544899938191e-100
"PM","peschel_1938_II","a",0.193913922299606,0.00522222501366049,37.1324333578807,2.67535969140206e-100
"PM","peschel_1938_II","b",1.22016091895392,0.12044476175437,10.1304606458707,3.01755472417494e-20
"PM","elmamoun_2013_M17","a",3.16378858948924,0.0454531778850468,69.6054431549452,7.73489808647555e-159
"PM","elmamoun_2013_M17","b",-10.1899385941551,0.997547215200175,-10.2149937756183,1.65170006305424e-20
"PM","schumacher_1939","beta0",23.6599930939854,1.07541907232439,22.0007192571424,5.41475908337034e-59
"PM","schumacher_1939","beta1",-10.1898666620962,0.997543065171848,-10.2149641633174,1.65204932092404e-20
"PM","elmamoun_2013_M2","a",23.6599930939854,1.07541907232439,22.0007192571424,5.41475908337034e-59
"PM","elmamoun_2013_M2","b",-10.1898666620962,0.997543065171848,-10.2149641633174,1.65204932092404e-20
"PM","lundqvist_1989","a",29.9913995011081,7.79134181807216,3.84932405757664,0.000152866526344804
"PM","lundqvist_1989","b",6.08225325766777,1.81417632771106,3.35262519125786,0.000933441994927702
"PM","lundqvist_1989","c",0.693453985468819,0.211067377123743,3.28546265613689,0.00117435686641659
"PM","huang_1992_IV","a",0.50795202677524,0.377721807614285,1.34477813177772,0.179998887901323
"PM","huang_1992_IV","b",2.02795922265497,0.645137361239617,3.14345338604835,0.00188552040397611
"PM","huang_1992_IV","c",0.193073647522525,0.0342919385743407,5.63029258622883,5.13186246035691e-08
"PM","wykoff_1982_I","a",3.21534402013173,0.0409283674788168,78.5602802700569,1.10861785272265e-170
"PM","wykoff_1982_I","b",9.91554289453244,0.914434429883254,10.8433612848527,1.77311010285376e-22
"PM","exponential_model","a",3.21533979690814,0.0409281915744929,78.5605147262846,1.10786899145669e-170
"PM","exponential_model","b",-9.91544002207073,0.914428302998748,-10.8433214387113,1.77362503470802e-22
"PM","flewelling_jong_1994","a",41.0790936195787,16.0807410353966,2.55455227648751,0.011267113859751
"PM","flewelling_jong_1994","b",4.21308115967508,0.576541228359676,7.30751063833157,4.26553728641409e-12
"PM","flewelling_jong_1994","c",0.482238862834237,0.168823245212862,2.85647194037884,0.00466914728164903
"PM","elmamoun_2013_M18","a",1.8964685869309,0.326614726805805,5.80643930381769,2.05802406343502e-08
"PM","elmamoun_2013_M18","b",1.7715432458731,0.145168043763938,12.203396835421,7.42236768959778e-27
"PM","huang_2000_III","a",24.5293532273787,0.993992382531088,24.677606849378,3.4857061203935e-67
"PM","huang_2000_III","b",9.30928204629211,0.882334402067679,10.5507413339847,1.48164718670207e-21
"PM","curtis_1967_III","a",24.5289244862371,0.99395718099483,24.6780494726006,3.47510375557608e-67
"PM","curtis_1967_III","b",-9.30886594082167,0.882309459407184,-10.5505679912762,1.48350320937809e-21
"PM","burkhart_strub_1974","a",24.1708625405909,0.968869409388084,24.9474927233554,5.46480332898168e-68
"PM","burkhart_strub_1974","b",8.74210673224297,0.850040884547674,10.2843367785713,1.00610328192974e-20
"PM","staudhammer_lemay_2000","a",3.18512464610255,0.040083216468849,79.4628008103565,8.33872381425857e-172
"PM","staudhammer_lemay_2000","b",-8.74156631664495,0.850008089440611,-10.284097792996,1.00782574864659e-20
"PM","ogana_2018","a",0.116810771610584,0.0461271002743348,2.53236754350192,0.0119820171667719
"PM","ogana_2018","b",0.522427530664322,0.038357089914766,13.620103397448,1.5792542849999e-31
"PM","stoffels_1953","a",3.07027564589655,0.381890580963401,8.03967366294064,4.39740407279815e-14
"PM","stoffels_1953","b",0.522424119446566,0.0383569615151919,13.6200600571464,1.57977810511141e-31
"PM","power_model","a",3.07031049065814,0.381893452451318,8.03970445408338,4.39653767359778e-14
"PM","power_model","b",0.522420583526639,0.0383568277380778,13.6200153749425,1.58031832545037e-31
"PM","larsen_hann_1987","a",-62.8189381405102,991.470638474973,-0.0633593529679657,0.949534442856568
"PM","larsen_hann_1987","b",63.957668622682,991.253750139507,0.0645219941046183,0.948609680462418
"PM","larsen_hann_1987","c",0.00797609150323306,0.120992073651452,0.0659224299784312,0.947495869225687
"PM","elmamoun_2013_M1","a",2.3553559206587,0.3402258912534,6.92291792368158,4.18500799783477e-11
"PM","elmamoun_2013_M1","b",0.578368049620264,0.0443137764957576,13.051653353797,1.20968903267828e-29
"PM","hui_gadow_1993_III","a",2.3553559206587,0.3402258912534,6.92291792368158,4.18500799783477e-11
"PM","hui_gadow_1993_III","b",0.578368049620264,0.0443137764957576,13.051653353797,1.20968903267828e-29
"PM","elmamoun_2013_M3","a",-66.7680828118235,1116.10004978763,-0.0598226680704192,0.952347930183228
"PM","elmamoun_2013_M3","b",67.6456334429405,1115.81458900476,0.0606244389610252,0.951710055419863
"PM","elmamoun_2013_M3","c",0.00833753031344449,0.134392170486881,0.0620388098744068,0.950584883059905
"PM","elmamoun_2013_M21","a",-55.3746791024583,779.791947247723,-0.0710121197043689,0.943448762690755
"PM","elmamoun_2013_M21","b",56.2562146397866,779.507570063128,0.0721689138121272,0.942529129897584
"PM","elmamoun_2013_M21","c",-0.00997155492173049,0.13441921542857,-0.074182510959747,0.940928537033335
"PM","linear_model_II","a",1.22728335077548,0.7472204988775,1.64246477795932,0.101831121485368
"PM","linear_model_II","b",4.7311343437531,0.255271827984877,18.5337112250138,7.20863773372023e-48
"PM","strand_1958","a",0.0226138449359719,0.00322100341842732,7.02074540082708,2.3730506990301e-11
"PM","strand_1958","b",1.0323858232966,0.0915499107706445,11.2767540088923,7.70693554817606e-24
"PM","strand_1958","c",-2.00460686940152,0.206242652567136,-9.71965228554739,5.63669337648602e-19
"PM","linear_model_I","a",4.9124964948081,0.583113384754798,8.42459909726447,3.63019838232974e-15
"PM","linear_model_I","b",0.443946092114831,0.0247582918235707,17.931208472637,6.90997042042575e-46
"PM","lebedev_M24","a",1.37880430779973,0.027054202226781,50.9645154657289,1.12168643698726e-128
"PM","lebedev_M24","b",16476.1062288891,17214.1729143458,0.957124475911263,0.339492236728709
"PM","lebedev_M24","c",-21.55272464819,2.5886844121075,-8.32574436164797,7.03967585128397e-15
"PM","lebedev_M19","a",1.0000816359078,0.010191209244473,98.1317929911179,4.13868802944196e-192
"PM","lebedev_M19","b",-326.170941840153,41053.6606712059,-0.00794499044683052,0.993667650687469
"PM","lebedev_M19","c",328.136600702163,41053.5787156762,0.00799288663662506,0.99362947708114
"PM","ratkowsky_1990","a",-21.3837903503587,119.841035565772,-0.178434625914282,0.858536042306171
"PM","ratkowsky_1990","b",-21811.5943714475,217384.972023647,-0.1003362567725,0.920163285506465
"PM","ratkowsky_1990","c",-933.210928741529,4519.3660489305,-0.206491556257624,0.836586516192308
"PM","huang_1992_I","a",0.0612783519098565,0.447432907102644,0.136955398087872,0.89118381183117
"PM","huang_1992_I","b",1292.7759668777,3403.24047718909,0.379866182111663,0.704389290586336
"PM","huang_1992_I","c",-259.985985846369,306.42835536745,-0.848439712880389,0.397060199684977
"PM","logistic_model_13","b",-0.872693838373858,0.00507355731328425,-172.008274369712,3.63340708760133e-249
"PM","logistic_model_13","c",-0.0017939889476496,0.000177484249535055,-10.1078769093551,3.54356007159072e-20
"PM","lebedev_M3","a",-102004652816469,1.04484072277098e+21,-9.76269881077633e-08,0.999999922187756
"PM","lebedev_M3","b",12.869075514327,1.44739862829038,8.89117570156018,1.63239566819505e-16
"PM","lebedev_M5","a",2.36413102624643e-05,0.00296935750052125,0.00796175949117417,0.993654256786928
"PM","lebedev_M5","b",543416.846090291,68219740.2816947,0.00796568330290324,0.993651129466525
"PM","lebedev_M9","a",2.61544793269971e-05,0.00296416809374307,0.00882354795674559,0.992967404496463
"PM","lebedev_M9","b",491922.6407971,55720724.1702138,0.00882836050899825,0.992963568868128
"PM","elmamoun_2013_M6","a",40318902.6464617,9005437201.52826,0.00447717326146247,0.996431542803365
"PM","elmamoun_2013_M6","b",-48644.0825526818,5428629.47482437,-0.00896065623529327,0.992858128573708
"PM","huang_1992_VI","a",7.91238862819991,602.00822953959,0.0131433230310676,0.989524646250585
"PM","huang_1992_VI","b",1.68261996752578,74.2833844845007,0.0226513638171246,0.98194767544231
"PM","huang_1992_VI","c",-0.106484070703589,3.49165425695412,-0.0304967396160463,0.975696888351396
"PM","lebedev_M8","a",-6766702989619.45,1.94250517916275e+20,-3.48349289474534e-08,0.999999972235301
"PM","lebedev_M8","b",20.0859985989851,5.95853811966163,3.37096082891649,0.000875610512552045
"PM","elmamoun_2013_M22","a",1.54069551866656,856.669533497033,0.00179847124056956,0.998566560607028
"PM","elmamoun_2013_M22","b",58569.7739018517,159855438.36352,0.0003663921259198,0.999707973545945
"PM","elmamoun_2013_M22","c",-146.887501264059,88552.4789164361,-0.00165876216071457,0.998677913127921
